-3.70136348025158,-0.629045819182847
0.966034473156986,-1.73058471082384
3.93741446102248,0.280557256171732
-0.62257314049761,0.659317705523594
-0.480439025970323,-0.154833945048566
-0.785777442886462,-0.701256030032676
-3.22956819764191,0.120556073209663
-2.22487039942597,0.191137845180608
0.943476004198442,0.396644681170744
3.53629764723411,-0.954321958948859
-1.30840613752108,0.682402966641161
-0.294294900788464,0.781256992557891
-0.148497112549431,0.821981619630284
0.619079308674541,0.0723711479942897
-0.11713638876667,0.659936970500038
-3.111359210447,0.0668260997554436
2.88551573761417,-1.37110287975231
-0.510273499880592,-1.00203658666261
-3.48915354616964,-0.937960490886921
1.84125763409555,-1.95534362085177
-2.33931655543319,0.621755292230956
-0.787904453934047,-0.633473870874843
1.30437826303879,-1.8779926712552
-0.50924635258399,0.559772598878962
-1.15940732721769,0.782315568395725
3.41352142683653,-0.235465661364978
-0.480447947431593,-0.756220161899361
0.917751327561906,0.446942950452837
2.5123607263389,-1.53317467417642
0.10992689699502,0.378143098321843
-0.452314828866777,-1.27182427776409
-3.44027996559003,-0.393344945877052
-1.52069839736409,0.649534733827181
2.69208122722946,-1.44181629239117
-3.46628296733348,-1.06248443014522
-2.75273478684001,0.0771381867128102
3.77908287782426,0.957938055288243
2.97935411769106,-1.35900990876261
0.343831336356502,0.32406813010398
0.557832134004085,-1.46900135899525
2.65115656156643,-1.86691682171521
0.711685518636288,-1.94668054760154
2.54946600728541,-1.4343396939152
3.82737996567393,-0.526505462558902
0.594976332629691,0.101254313551745
-3.6558866786163,-0.570799560280446
-1.09394337834141,0.893521513042363
-0.0158519731805684,0.417370184958369
-3.77742540161336,-0.471090228039643
0.645385277771668,0.35303567385656
-0.634432899457045,0.876454706657397
-0.276568934174438,-0.725366446945123
1.82747811550838,-1.63756439227358
3.66186631619252,0.431729377624139
-0.19047820890299,0.638746813867224
0.980347614412796,-2.0550072445564
-0.844983100497885,0.770096617636897
-1.44246489660962,0.803851948801577
3.44457809746988,-0.408243572204668
-1.89580320665781,0.646410474417125
-3.26251097307273,-0.565545173189963
3.06871080591004,-0.917583999039244
0.545727618499513,0.550448016158795
3.47164324222463,-0.673863006711297
-0.87676068547728,-0.378351534512849
0.622492543358814,0.0471326164190086
3.88523973964201,0.682709615498575
-3.23345164641442,-0.222310472565529
3.27348950589416,-0.777197592451152
3.0126229766569,-1.62824917071863
0.0133498470845038,0.982739667636623
0.943100052107041,0.368060305675206
-3.82646452311081,-0.617516484821888
-2.08667929310377,0.257121606185533
-2.62651526784878,0.0600069735781184
-2.41015496090504,0.393724131436971
3.78710250605267,-0.444123348996746
1.59344488717341,-1.62887842442814
0.426572274508539,-1.69203438874673
3.51556816669688,-0.106734515158543
0.313165848651149,-1.31222426899527
-2.34711800943346,0.489325096556563
-0.12366026756962,0.518510100841728
-0.285093372683375,-1.49960644777819
-1.13067313445853,0.880322646605768
-0.780745804341686,-0.53839828818988
-0.735482315511016,0.934659192982781
3.44894893171265,0.00793506281109262
0.660124874610501,0.152962937319348
2.18857393136463,-1.59062360057734
-3.52463491424136,-0.248547998221736
-1.71301187500548,0.458097842201738
1.09517583317071,0.148821021133427
0.919204651525631,0.328810019143115
-3.87310351120558,-1.13952879055191
-2.90099374864567,-0.151597345880918
-3.70390914128343,-0.331522213113945
0.197281515175988,-1.66252325102705
-0.102693355701353,0.641868825082511
-0.42910533506829,0.735261097994629
-0.826661102220995,-0.866588951140075
-3.37050038969045,0.00428085214779897
-3.31863625071335,0.0704097096024398
2.94772970062225,-1.35583194816837
2.00865917420647,-1.56508204649776
-1.17692594108499,0.541954233077003
-3.69900654292125,-0.991574406781617
3.42483749171954,-0.436613459306645
-0.542382763504929,0.858721754169355
-0.043760668504563,0.765581069342278
3.09696876293062,-1.12076714353294
1.00465666000007,-1.74623697020187
0.666821329418685,0.513448488851291
3.66094672203653,-0.104910435779469
-2.64582899326467,0.157963340394818
-3.82779985895167,-0.939383730982698
-2.40475985381131,0.614763015594711
-1.6325876896169,0.772356675594226
2.17586684648957,-1.65397279446866
-2.95878060030334,-0.19284577863604
0.0425501846692967,-1.28510700376161
-2.07529941092694,0.824114921474934
0.879460985986043,-1.94081323719644
3.51410363882864,-1.00524898792356
0.472119927405398,0.34507479872095
3.51691166910924,-1.11378128167733
0.766678211614194,0.522515912621977
-3.28016294785595,0.0762086409009166
3.31807815365349,-1.38920023349032
-3.00983244789245,-0.0217480900309905
2.70547122358622,-1.5387689335965
-0.506112531122003,0.735005394203659
-3.13868509807013,0.0406845310099578
-1.44343526425376,0.932999619351055
-3.32157017893071,-0.172223682501568
1.56215601256726,-2.0519208155585
3.29388110881369,-0.773949276208637
0.584333931280626,0.556597592363398
-0.291459456545878,-0.790035836045437
2.06189940875624,-1.88525334993388
0.158554051920468,0.686727660536549
0.888808228930392,-2.00002469621824
-1.3098162555124,0.612098839663716
2.63234871577933,-1.59974370583423
0.824136252101535,-1.68081634726988
3.12213320194507,-0.969353805551655
-3.61849618336899,-0.659068806084501
1.08654918780701,-1.8404849927879
-2.15492884152672,0.604337474325196
-1.80990823343837,0.523188568080088
-2.95214565871077,0.361234559690281
-3.80281283043508,-0.662638071305651
3.02776163432702,-1.60858175537181
-0.741298178789527,0.863257584186576
1.41040004168053,-1.94281326508924
-3.40875650282191,-0.747234792527727
0.703598580205651,-1.59609940736126
-2.08365665519321,0.606660605429278
-3.91140676039738,-0.919879433550474
0.161379198784757,0.837819174304866
-3.47327099621218,-0.0892869109355212
0.951730926202865,-1.5651504639903
-0.904490113684146,0.779163134560055
-0.713127067746787,0.830407565814764
-0.233176032828825,0.977586406067984
0.911434098369204,0.0690390830085651
1.47414771451434,-1.75357648746053
1.21699357067035,-1.89046027159496
-1.64079896984346,0.440064765633309
-3.31975989708663,-0.0469755218768289
-0.710938942317076,-0.811648566021747
0.193602479155778,0.85293622642253
0.0402644650369133,-1.49459491831257
3.61526751870268,0.205557956497416
-3.8533077252079,-1.19961491919535
3.89128848792768,0.0500612817424699
0.143625439361074,0.459313409195499
-2.57861181411717,0.0191580955471862
-1.41686611385563,0.457589986326222
1.06529486637533,0.213066252069718
0.519511932474962,-1.80892612496399
3.56015237686218,0.827631790265441
-3.68128087318872,-0.326529759855741
-3.12778337529301,-0.0181084309866891
-2.33041520144133,0.636803693627699
0.20882897594798,0.464836199294407
0.938523985650658,0.227470967326883
3.93261446409106,0.0204262717697128
3.20445177012189,-0.605203413144118
0.604452217532305,-1.79721220374924
3.82865060572619,0.149827521122946
-0.0256939644950832,-0.983378274456594
-0.313926389182262,-0.904853786984034
-3.82947773195997,-0.517412771731922
0.0319017155780748,0.40210273913456
-3.45543561636879,-0.311002707041702
-3.80524182480783,-0.47069156678464
0.357603561395934,0.831766453641415
-0.635334798420315,-0.718711959614972
3.272903848798,-1.2298748275128
-3.32515594170197,-0.000791125804649987
-3.17738522735837,-0.362377673432265
-3.1080996848818,-0.367113271868423
3.66981345685781,0.438872974377735
-0.359552926270504,-1.35871286139157
2.80853883554372,-1.24513587033741
-0.347749705937091,-0.508777183943249
-0.0154501644849942,0.567764550250177
-3.87206045405971,-0.708750834991765
1.27646456982173,-1.96582286498798
0.503265725050305,0.372364661050208
2.41193132822457,-1.61097556135482
3.62066624071844,0.547301953667507
-2.08273121127835,0.568912489145373
2.48548559357679,-1.51274006951801
3.53178479995525,-1.0267316837777
-3.78438277074662,-1.21151215441471
-3.81347884893293,-0.842364891046756
0.490572256957728,0.581721135691114
-3.63555736008712,-1.07989749015538
-3.6390672176738,-1.1183326246403
-0.299841307319197,0.900897032708973
-3.75727326549872,-1.02095648849665
-1.10874006560699,0.883622930125495
-1.78272373975462,0.41835035316462
0.106672622807949,0.777550731973095
-0.469843664047367,-1.1338175828763
-0.524795272143248,-1.02169465878048
0.760092413412883,0.0785337418850511
1.83014337802201,-2.07914542558073
-0.732512575701842,1.07977433478872
-0.900847235165379,-0.32934989176629
-1.93332521585844,0.360252354112854
-2.82784668776228,0.30393744505346
-3.0120951833344,0.108816528797644
4.03223747200073,0.414632335406668
0.714619924077545,-1.79315321329224
-0.084958363040436,-1.32446572685674
-0.538712395770664,-0.386956765211136
-0.502563103979734,0.596073005997301
-1.52263743562992,0.885409905463973
-1.73626173396316,0.915135588355514
-3.48503106918144,-1.04048748707635
-3.55620450498552,-0.427227645125578
0.587576094969825,0.449580480589672
0.938846307616694,-1.72672619228382
-1.76239144541734,0.857238789038147
2.05540966408508,-1.54334976879917
-2.26036698444408,0.235519396376415
-3.89931155073793,-0.934337773173212
-3.36156462873265,-0.92989832180237
-2.11664987036171,0.36976643722776
3.4235512802502,-0.0585103511044704
3.96984855184249,0.0875419045357705
3.94894080204447,0.287934224309651
1.28507681775505,-2.05945368977177
-0.413990334798205,-0.427527627753677
-0.597149438545518,1.00583831149698
-2.19537998017007,0.35017739341393
3.34840938454657,-1.12344999261357
-3.13469170854847,-0.298578271223423
-1.17157858848297,0.621718095439733
-0.554610963442738,0.544937856231491
2.95531383563668,-1.40992804243858
2.49655607915812,-1.47683693773279
-1.25742893167729,0.760270604048094
-0.670253066086229,0.667486518909008
-0.991072437971574,0.712790402753796
3.57416914172194,0.900761131096389
0.84833072150926,0.442240441663419
1.17762720575345,-1.856018774362
-2.02710484394603,0.566409441999669
2.25758086962252,-1.49875542134366
0.899429355116146,0.308704941232759
0.176985595415197,0.532117352702394
-3.57038301034333,-0.444716218106517
0.276387470417979,0.354969989867916
3.33215221697185,-0.789800649432607
-0.197828771024062,-0.764815446470602
3.51447974650468,-0.332470473658697
-2.67787966599426,0.259387413480045
-3.82018839912767,-0.585887426414247
-0.964254444506639,-0.46652376601263
-2.61796774735273,0.182471459309051
-3.45715406049375,-0.485100803260338
-1.70493050530819,0.921038035771411
0.128223634388041,0.49653738599044
-3.80215767263015,-0.975237627291765
3.5991599976766,0.389919077608711
2.25524246104894,-1.56064799492929
-3.12932097066067,0.0266446462143581
3.27842580416789,-0.587138055136268
0.391783960197828,0.504661174145925
2.45224333619851,-1.41117998354421
-0.273602288303269,-1.1253527186798
2.68517000154486,-1.2374311892703
2.09832473675546,-1.85135025079821
-2.33031419601759,0.164822213705557
-2.98641388554091,0.0190710502468067
0.604790571917343,0.165471846098903
3.31580578312464,-0.398002258700028
0.819862077188366,0.0295520212255423
0.711243688155283,-1.5031180292691
-2.49536311428142,0.373133576994184
3.33941598208459,-0.87874710754244
-0.553674756145237,-0.667281483516756
0.355159016031621,-1.33007338687866
-1.36856552656238,0.803245703418526
-2.4775220307799,0.444033322512672
0.211110534620958,0.805545786750982
3.30787876852988,-0.436296902668177
0.37804145121074,-1.86185515248678
0.614770145968786,0.375224178665927
2.81823375454882,-1.65504985224383
-3.70557074225076,-1.05798192839667
2.9305446068788,-1.17976342890345
0.256050373174482,-1.77492512984125
-1.06752686084913,1.03365602514349
3.81757194486695,-0.132013609783423
-0.589625467638675,0.623529595035229
-0.243766206664775,-0.945829363794426
-2.99044878099559,-0.270633713603569
-2.00027121732519,0.827642159846957
-2.7026435270862,0.297374038618933
-0.846545232688697,-0.784992827706594
3.58437098239248,-0.0457157172822365
3.75537807289248,0.593675153655058
1.56607812123317,-1.70904044035126
3.94012144172785,0.468557684735424
0.896561635074199,0.245498233745467
-2.70449910064788,0.230720157407213
1.44692440091197,-2.11034332906768
-2.38408956868378,0.639463737561824
0.0397880950223992,-1.69307487897107
-3.74393413904778,-0.809207757440847
3.90342926474004,-0.183327076920444
0.516795760887134,0.18737755386563
-0.776810190838298,-0.408015881381855
3.67154166991429,0.515930096280324
3.75881935539704,0.324651425611134
-2.2939315619799,0.349166040250531
-2.72021358922183,0.0387000227216473
2.9988767747788,-1.39256539603423
-0.41192178260541,0.942934417874395
3.87550376047835,0.767092781299476
-0.448710957788446,-0.414439152291194
1.27065209670763,-1.76601718086468
-3.10003342300954,0.129694134252686
0.44249949586375,-1.69258551566357
0.763544307160289,0.545494919018041
2.71315277812134,-1.46030165455136
-0.895847882222708,-0.376476775801789
0.339179180459122,-1.733312434968
2.2490188850495,-1.6166265135716
0.596744988676506,-2.01755004549863
1.17965602434892,-1.78192461694573
3.77933914627941,-0.533360126513519
-3.5912740094697,-0.444473124451236
0.936488466079052,0.236819645706701
3.71399210894081,-0.773986125940656
0.0729378055198282,-1.55076206625769
-1.03986692687413,0.669915798018097
-3.02854302370992,-0.293035372357615
2.53409641138002,-1.79394364112393
-2.08271508614208,0.64124195117695
0.981631667426092,-1.82200241141519
0.706198826446116,0.0130621468362796
-3.33489273993686,-1.08107647465415
-2.20244006585374,0.260171685029923
3.29623402686893,-1.32469941354346
3.47118429868991,-0.772993365789508
0.412455682165989,0.570095613547325
-2.38455430801227,0.177957311772865
2.98388869318656,-1.21588434936461
1.13491566743586,-1.90597698585936
-0.719376997586939,-0.372120851571858
-0.171500959646146,-0.840028375287936
0.64980496728678,-1.91365043605813
1.87376068894552,-2.10138149727539
0.367972588287871,-1.33375640710786
-3.34940011810905,-0.366909252363635
-3.44978393359863,-0.186772554904678
-0.1047741713441,-1.20001741396055
2.35676906717986,-1.55872707819256
-0.51576473720483,-0.144826253815336
0.265786548704566,-1.24610890402622
0.535818085492238,-1.8483785087831
2.48856228004026,-1.59183076663856
0.731871603137632,0.580726475370337
-0.874442139442889,0.919423638754944
-3.48321290828228,-1.11409588760954
-0.254939076788399,0.842077406927548
-3.89401740411242,-1.12360946209929
-2.58926634409238,0.286735416042606
-3.7876241636613,-0.463051656384548
0.426676856594325,-1.98665700889821
-2.54288724313195,0.648989898325691
-1.26859715146384,0.837987709932363
0.317525775988009,0.858564843468604
-3.17446207932977,0.121007610929341
-0.366975640467569,-0.681205010154781
0.677025573716664,-1.74811220067403
3.27110241162523,-0.50371872558981
0.275045039825475,-1.43058131614838
3.64073057976252,-0.963719609645326
0.617097498621471,0.576812462018836
-1.82506514195592,0.688964712734593
1.27013084463731,-1.95128770220715
4.00786287750628,0.204839463844376
-2.21703986964196,0.75368665615631
2.0076648268009,-2.11825559998065
-0.676713178312555,-0.456219041354938
-0.611627647188554,-0.545135207955416
1.36530852671425,-1.61648239996893
0.379635819316905,0.331938519043187
-1.00380954701968,0.941367828903955
0.227858543991127,-1.40312602888715
-0.216878719974226,0.514057909184717
-0.308969647965453,-1.48972711517441
3.57749050473797,-0.763826976783362
0.325307230399285,-1.86222493506304
-0.737857316505821,0.807856140000989
0.316860733371561,-1.86141289452362
0.972373274551142,0.101233199111615
-3.70379605898946,-0.431683221313036
3.68230233847246,0.882443435515829
0.305313977951752,-1.49883225499222
0.0396260801933032,0.962321671869896
3.44892157011997,-0.536756043199261
-3.32792603175084,-0.0973794941397112
0.658728828094726,0.156552262433441
-3.60617268660211,-0.472684323359605
-3.88094215387174,-0.643402356374905
-2.34917562016685,0.212544781526658
-1.08496101257713,0.700268521265899
0.234213648647744,-1.71947544784442
-3.11319779897966,-0.0136524704415458
-2.77387994211307,-0.012258172055227
1.38546723159119,-1.79142728319558
-0.0949384222465759,0.467406771302446
-1.90786688714695,0.903597779651152
-1.41662233218187,0.551828056462675
3.6061895511628,-0.684610405442696
-0.0394904140004155,0.643506997632472
-0.761416187545598,-0.604620611919794
2.93318556254869,-1.68267538024336
-3.44877759518132,-0.75221988927203
0.357974129867456,0.614768388338233
3.41442260402097,-0.181739515229099
2.60195376480269,-1.60531748424005
-0.780086744900024,0.971527906187054
-2.40730121779788,0.261960127566395
-0.899760172756875,0.550600447341701
-3.81531037415345,-1.0900391387
-0.38763758104421,-0.748547937861265
0.279821516273351,-1.43574436859402
-3.26668132147913,0.206033446753114
1.71217247057481,-1.81914471117889
0.532700590569471,0.242991468811218
3.69711319768579,-0.566920602856572
-3.6186330370526,-0.668375809497334
-2.39770506816221,0.350919963303837
-0.980817893747839,-0.32878299896045
3.60138735206807,-0.673792280116153
-3.39416149751039,0.10324283016933
-2.4449588882278,0.384348795878168
2.89503999748641,-1.22144450923737
1.50998386063628,-2.11807945532632
3.11151295385175,-0.909493292432758
-2.98478511793656,0.257625761305985
0.260143010993602,0.636469686272507
2.89242163895391,-1.54759345194397
3.69133389410892,-0.231568592519948
-2.66898374582067,0.146768956749536
-3.86082387326334,-1.05395638671949
-2.26627009899481,0.644850030345673
-3.7139757582151,-0.49621811387509
-0.651714158484505,-0.92116120118811
4.01665293369564,0.772602667261775
-0.743173264484202,-0.847661566392471
-2.80515740131294,0.469151417609185
-0.109975231673025,0.928887571956676
-0.069075343340035,0.910003306641591
-0.147058007381449,0.957679801493821
-3.46081249011684,-0.727512531609299
-1.76302171411537,0.557445114727491
4.04541876313713,0.496482842318965
3.08868299134733,-1.27232340230263
0.451836383694506,0.46559926720646
0.539986277296935,0.108320995576326
-0.0228275087069452,-1.06052691579331
0.849908647159806,0.25511416840383
1.01419208566317,0.0744568581261128
0.252760108253868,-1.91614397829475
-3.19338503757195,-0.0735962379440344
-1.8241021554507,0.399208791393012
-3.09641373270172,0.0947822583988383
0.227347573266969,0.890875001360528
0.15877506492293,-1.56993904497521
-3.28153488165323,-0.179967860815908
-2.76696019573469,0.019228523422296
0.0673908103055847,-1.49512050201973
3.45879320518321,-0.627126569532357
3.91311997969884,-0.210146953451294
-0.238446190282782,0.982563121090314
2.82009315342104,-1.60319461300359
-0.322034037932203,-0.770551288607123
3.53171744266631,0.780867397027808
0.64683577210218,0.074987196080713
1.66338918265789,-2.06352271736536
2.97315123329873,-1.40814642840233
1.70418651035182,-1.9386526240185
-2.52639794324104,0.30274467767422
-3.78407320230513,-0.764871524279414
-0.413880558283503,-0.805705008329089
0.847512161249614,0.153538051591374
-1.57417495715804,1.00434213909052
-0.023093843315204,-1.19426576699536
-3.69653446838957,-0.777891200275322
0.341229456172877,-1.84790188960987
0.511138037155303,0.148485298762852
3.80049349203936,0.100238448676297
-3.15193317896802,-0.187320126513382
3.98216658874788,0.965534755806581
3.41470722189715,-0.468923695316884
-1.48833540448492,0.540678940168699
1.14803050625506,-2.16834546437159
0.173860241683042,0.486457914783062
0.268321775941743,0.36922159441485
0.032331930592112,0.575479017724131
1.94806893873557,-1.58607874706384
0.694041020922385,0.163376824292834
3.84049600059871,-0.00445477254147398
0.813071575710002,-1.74164165268678
-2.95021222859442,-0.0850588414682778
-0.689913639967236,0.663468989142945
0.644136753993736,0.223249142110795
3.34635131525218,-0.355241218911483
3.70525986904835,0.682578876331071
-0.580934755000373,0.591886411890186
0.168196020910352,0.826614354354893
0.482771234544104,0.218436557464037
3.09039174115373,-1.59638889272183
-2.47551320306391,0.268242734552424
0.428756201711587,0.276790859397196
-0.718819094758865,0.674551318947925
-1.90930639992952,0.497049923032044
1.47034097597095,-2.09230250550788
3.50164710379507,0.402753428511954
3.4353792405778,-1.24433025241739
-0.399482470927264,0.602610102515595
-2.62645278053173,0.269940027510854
2.0596747952437,-1.9651082339036
2.18032791598736,-1.8665281740243
-3.3257172223377,-0.4598174336874
-0.885433524489928,0.714626303865297
-0.33374316974101,0.590675086200659
2.03615378637543,-2.03024749620206
-0.0149823020748738,0.72458555170797
-2.77047369333225,0.532492426277596
3.72261326664884,0.0806997349178172
-3.84902263463857,-0.847583831789395
1.19353350009401,-1.9734231809542
0.797669299659393,-2.04215546846011
3.07372277875204,-1.38636661631313
2.07425110173396,-1.62548786223027
-3.64668570234574,-1.13273152949876
0.745102894595769,-0.00343739568013157
-2.28799386790025,0.364832081224392
-2.38524730060458,0.275017203245748
-1.13818888393034,0.827299940786726
-3.30910168899696,0.0797531766224148
-0.0475127559178975,-1.43843405505108
-0.0290476216061573,-1.28306872811231
-2.77305044492291,0.285302733776565
-3.36149596836644,-0.537385744991243
-2.82070717414117,-0.100319672759581
0.475434878855939,0.332462980199762
0.5154568771217,-1.87786263246991
0.654570835882326,0.117672019834697
-3.39794661023603,-1.07261812203661
-3.46323525763688,-0.187043451229206
3.34748630888245,-0.267515195579652
-0.402032602723818,-1.21768958926484
-2.55774471032942,0.435427778203255
0.0407766030320963,0.951087560558662
-3.72053518518255,-0.686140851010887
1.88892849436681,-2.09593884950099
-1.8649419713281,0.361435727635632
-3.00765952742682,0.40636281775909
1.04390067979099,-1.83689565268094
-1.47647746707875,0.550219793166671
1.04804963797949,0.260471078922061
-3.29256519210235,-0.351711819629064
3.62099576933837,0.184420085369682
0.131941906297083,0.420445922896938
-0.879194515814444,0.614477073514492
3.156450021855,-0.843793317597805
-0.593097646693042,0.821660771230457
3.45582173004989,-0.180085245586883
3.22053855042451,-0.873166731438147
-2.3458108250729,0.680832299825587
0.794791119326219,0.468271179422602
2.6973271807238,-1.66458292316025
-0.57453476112069,0.815501965218741
3.16903658485228,-1.25780696709756
3.75885591150198,-0.697783628816846
1.05610372560671,-1.93538901435926
-3.39311331204141,-0.206393109357079
0.461927369331419,0.740009340269765
-2.45965070170912,0.358074880279029
-3.70162067430648,-1.08358447003732
-3.78189389455742,-1.16824729540744
2.2011334660653,-1.5139964057227
0.596058119806195,0.149154142885554
-1.63022448793741,0.424306747986686
0.665232473160075,0.299691164598958
0.561751658228578,-1.80453418229244
0.185711150488198,-1.20416714939883
-1.8656264735312,0.437430781451296
0.603181298037052,0.25578735426124
3.30972789823882,-0.451162503341438
-3.42768520527923,0.0457149842561874
0.302844878683,-1.85403194848783
0.0358376489169668,-1.51294705993415
-0.298770687272104,0.977622031109099
-0.263008507570169,0.8715815494294
-3.53492659562206,-0.887729196784108
3.54889097433419,0.462554079363649
1.91142074866485,-1.85181605499265
0.730042660285812,0.0400692619785174
3.35013360337649,-0.336108305669118
-3.7308402427212,-0.3537118401822
-3.57616496814622,-0.739572030493666
-2.39816478745576,0.648614966085662
-3.17139651865589,0.273294089848011
-1.16775318806536,0.934604348059341
2.80724865432203,-1.18234851297967
3.66237637267679,0.17351313284518
0.80218550250791,0.0329658341175962
2.91265968113864,-1.19040776774753
0.624462900473584,0.524938997152304
-0.234360178853958,0.957159265094872
3.2523500585605,-0.904381796679716
-0.156054899965044,1.00280665314103
-0.0346016110387611,-1.15718357626808
0.0268686140992065,0.966281174494922
2.19219698925546,-2.03212986204494
3.59203769295507,-0.262578604455199
0.232517382948056,0.321721156713354
-2.26905304865369,0.453023569599561
-3.58803621349608,-0.362193301750077
-0.122343199294461,0.948301872066823
0.919145953924986,-1.90305190277781
-2.66954440446108,-0.0383661134592934
3.44416890259428,0.597623771214444
2.39817716346202,-1.63092471944236
-0.285036902030796,-1.27622189474604
1.08872523642978,-2.07058737711163
-0.139733536680311,0.747439575440265
1.560417049317,-1.72713004061663
-3.2224579204044,-0.446450325048833
3.6767392279238,-0.676337239301142
-3.17296709675832,-0.502494903878506
3.96505874067812,0.986661492155923
-0.511146384276798,0.781569565645874
3.01599458098179,-1.44690875543602
3.66333512658048,0.834594345108283
1.75838691589078,-1.79651471556702
2.64910917980865,-1.88023190532881
-3.3016485948435,-0.733877101361138
2.18853999121355,-1.66907328978097
-0.939607020035559,0.517080884706942
0.412499913514184,-1.88071724678248
0.40241151703193,0.413109371858141
-3.58451599695558,-1.03032173520884
1.61093449679969,-1.97723371086002
3.92896770902297,0.593423796442743
3.71107953770624,-0.337767559056013
0.0430074866112261,0.449783102096439
-0.715920506771066,-0.701111549732661
0.612845043924673,0.256524493108571
-3.56181931300631,-0.979788105798125
-3.23747154165932,0.0104794279475025
-0.521450894702678,-0.682180357466244
-0.961439900202989,0.918568958153543
-3.20823749603723,-0.339168161413934
-0.859469421706338,-0.562613594885008
-2.12361426896009,0.299801409622662
2.76524773780553,-1.26586057504432
0.314539371423784,0.806338755832055
0.550634834350367,-2.02640611146687
-3.39252686495913,-0.583268680915131
0.592426587894576,0.0512488796943105
-0.849618678125309,-0.741341119915303
1.29323273227879,-1.83273752004966
1.71186959728892,-1.6526899765708
0.861990120996737,-1.64765222569955
2.79686651410502,-1.44337794181211
-3.60613099848392,-0.96060647295465
2.16660053372628,-1.64818916501185
3.4458046605814,-0.273477304628158
0.610933949711392,-1.8008890241159
0.268562994791335,0.420143843363055
1.77724003574779,-2.039447528049
1.08759558673741,0.0997623177489387
-3.72171398244878,-0.34430178110863
3.12078819208688,-1.48453190374117
3.81411295527779,0.256066616748012
3.75194846770675,0.34657954952771
0.339168740254776,0.655264940154125
3.19967539217386,-0.925911846236135
0.963446912783037,-1.87285929188762
-2.68578669271216,0.371953385783835
-0.517946743370768,-0.407503980004802
-3.09898676284999,0.0888277639008521
3.50919133790929,-1.13807054521875
0.372822759975738,0.394143604237753
3.88698362433731,-0.377339950108406
-3.77984376355953,-1.13500790398526
1.4236419905046,-2.08191726371384
3.32783736964071,-0.307386664836127
3.61238939452325,0.874114720242996
3.15951215166879,-1.37705339717978
-3.47645551500399,-0.693244324469782
-0.964720439674871,0.711155976443242
0.535084880164034,0.313715255935442
-0.687416578230163,0.570434999042369
0.485506278024954,0.647526111876383
0.376169795197853,-1.30882223772992
-3.69889254562835,-0.693058217419024
1.73362287510871,-1.8777075634764
-3.01809138845409,-0.28790352369695
-2.84819354863782,0.355545890172716
0.738210191438644,0.164649106282527
3.78465870819465,0.783067824585819
-2.76415630432339,0.377760891009025
1.35258015256767,-1.61844929359588
-1.29471784119511,0.904275766761481
-0.165814016162034,0.673677140314547
-0.523425741715523,-0.388149456756006
-3.02213881946384,-0.207492658798389
3.51738450568917,0.520130653588757
0.580026925478995,0.265663354864517
-2.56591937822192,0.0140969181548782
-0.493822803522398,-0.874251817332993
0.194478330310237,0.430904401523697
-3.19143744003186,-0.361571328932087
0.513151693639662,0.609140741887522
0.421633025421677,0.22389915871481
1.36967354410453,-1.66706146151288
-1.59844213277413,0.645841354770857
-0.762566637678005,-0.450312858077138
3.54322234821387,-0.894501362803327
-1.83902945206797,0.841023322839198
-0.765972325012626,-0.797038940549785
3.5617326264589,-0.153053702825454
-0.254627092532538,-1.20634558586352
0.91489499783718,-1.65600600513484
3.5413848660315,-0.462174295020311
-3.263313890387,-0.64788134052185
-0.420508626933904,0.875021970462665
-0.638014856645424,-0.613020231699774
-3.55319852471822,-0.607765058029788
-3.91769044483942,-0.853462247573041
-3.51432177308893,-0.623187932834758
-3.76490254146835,-1.06305586513632
2.02193828684332,-1.54245194438144
0.490064102933649,-1.78275876987538
0.253758235575399,-1.35333570612882
3.14853803405335,-1.25879436346175
-1.64582988487453,0.433729440119583
-3.47989469612099,-0.459020394439185
-2.01627394535917,0.825315485683519
-2.25533745396631,0.707677888399877
0.0451555487715194,0.83467341466147
-3.57027311527448,-0.815945564473477
3.66160669008976,0.355173628955412
3.51073284649127,0.0961407071832543
-3.59049617446734,-0.302748242824447
0.991594679101136,-1.84416736401769
3.52865892090588,0.726353218760439
0.0156162876978903,0.680012235463459
-0.632893170390258,-0.873348813644357
0.106033371950762,0.787040374333975
2.88188178297233,-1.19674410629481
-2.92138673133997,0.0902354329095631
-3.36980130901523,-0.406316146597395
0.0798427887068111,-1.17969443785378
-0.593940177443842,0.651204615257916
2.79639001526876,-1.65006010098871
-1.27334839866654,0.791940532786757
2.421251285957,-1.74943327681369
2.66444093149433,-1.46309735688779
-0.508188474276312,-0.156008532842195
-0.908844274577698,0.936379763411141
-2.91389391349094,0.480079337877345
-3.30662456022945,-0.302913464639949
1.31893545434874,-2.00501822439659
2.63019996207408,-1.43585038324403
-3.62474198556345,-0.32691904537629
0.859405942006856,0.374834537890308
3.42646862684901,-0.00715724695399134
-0.187423099694171,-0.76521496001597
0.573658905676659,0.0774545117173607
-2.15252883350058,0.339918976086384
3.28073728646369,-1.24714692745267
-0.901717889497446,0.744213628092862
1.68586153642976,-1.9045572028681
-2.51786248585712,0.542199093940608
-3.40489077908966,-0.474924478421101
-3.14924665189434,-0.170516678944391
2.03115611208031,-2.07718663665643
3.83175362711332,0.179754903267831
-0.602960238018321,-0.273823720607198
-3.51902009948669,-0.751762155019663
-2.1611852154687,0.534324618079418
-1.53572591265032,0.577971323602741
-2.54345821613602,0.292561122383546
0.573331618537413,0.28966318826838
1.42134048748656,-1.67285154004733
-0.64765271012834,0.91088586676108
1.51227417202255,-1.67840906730812
0.0387228650341067,-1.0900760505993
2.14272017949424,-1.52273084490442
0.882198585314194,0.10125481995307
-1.21874596527242,0.876626345357852
2.54017974934251,-1.59815390983224
1.53548955542387,-1.61331070159072
2.09231503225483,-1.55352268776254
3.68775912221801,0.566379795192202
-0.846840903695495,0.62352784101115
-0.389326358009553,0.658003203549299
0.778913991554596,-1.62304418531949
3.05097191093755,-1.08794061074917
-0.3470576251248,0.797802541245531
-3.16726107387549,-0.487188442165827
-2.04333844305962,0.785775617421498
-0.999084918937878,0.899743994282267
-0.308774488333676,-0.617367267531367
-0.0211790221342664,0.642733728803041
-0.55495923946793,-0.504319596389376
-0.481661731774849,0.556100332446001
0.174779590169242,-1.28171717232135
-3.14709947066461,-0.394436313893162
-2.7007918299326,0.480972935233313
-2.79160163465407,0.430989081063576
-1.40837147147943,1.04627264986729
1.75169737819579,-1.90486557082514
0.21761632638431,-1.79564312026159
3.63934452884785,-0.383772151904581
0.98579683421193,-1.98619866595172
2.18739536503806,-1.51415801974551
-2.02481395383136,0.598156680190998
-0.815676781079568,-0.478606330429407
0.59719951933429,0.547716913429555
-3.52878994282109,-0.771814839730531
1.00848349704113,0.117087075561332
-0.196946107953202,0.603809153015762
3.42734551195125,-1.00174298281667
1.70777346701523,-1.72571394509471
2.77989720469182,-1.37346428851566
0.873085347461826,0.225611361555691
-0.437291885113651,-1.18689895422545
-1.64087868470791,0.965669098136844
3.58654343894337,0.078540770987467
-0.282569242169408,1.04013246964999
3.97881905634854,0.485737396762741
1.07591090603579,-1.59030457515589
0.832651345936136,-1.62966251224895
0.827622200510085,0.325996859363402
-0.014675717754079,0.44041400077877
1.89596358412543,-1.88504359402777
-2.33420472898993,0.388694420432537
0.0622321016430034,-1.33742437685805
-0.876063073673224,-0.468349484633053
3.38961848446239,-1.19652384042211
1.82145266886481,-2.12765190933875
3.97282323491489,0.159412820446534
-1.72957769233987,0.618400938797854
-3.29812669336783,-0.244131796437332
-3.27743240333467,-0.483763706748464
-3.61353226635976,-1.05118969533906
2.8901736556148,-1.4111949315035
0.420731879174078,0.451214372048649
0.258017170084714,-1.2459972038641
-0.293960145597172,0.652011049780532
0.470348773516059,0.782604988598176
1.40163884731319,-2.01547269303537
2.49323721387362,-1.37868263768892
1.5232888260173,-1.62435291260936
3.54442846945575,0.383286116881736
3.44835778639436,-0.117313477355933
-2.78688548019918,0.160410785271021
-3.35609980189399,-0.835704285602337
-0.417311470300856,0.648923626380304
-1.67871562572336,0.740785600537
-1.12684590559479,0.540541576320803
-3.79019275547189,-0.739875976231715
1.77264048267348,-1.62309689195055
0.58168682366558,0.204563455850835
1.61954845712346,-1.89250440385479
-3.37501774283781,-1.03743134537267
3.75479347256921,0.830433610840671
2.0848222481713,-2.09407743010482
3.91144484028835,0.72524122232554
-2.23736827095204,0.188310704062663
-0.446256202854102,1.0683769262043
-1.2368902095491,0.611839988403902
3.36221176260876,-1.0668147720381
3.593100349694,-0.413267169086347
-1.60378434766199,0.510017391486028
3.8112874220008,-0.589221213517796
-3.37938376279066,-0.951638605523796
3.4571396078463,-0.132993735156106
0.179852219918581,-1.43632859563659
3.7065787221265,-0.879988581427165
3.98400492943114,-0.0772995495995678
-3.68978962381069,-0.538723259096161
-3.18245011474282,0.264162523159463
0.0641690541058971,0.394881701145189
-0.684846452374162,0.772672572230117
2.45726712519668,-1.6883616558082
3.48203314068552,0.804707045015357
3.55807106362205,-0.00594499101584939
-0.638543055290844,-1.15309061522552
-3.14722343424837,-0.236948408893407
3.23844799111752,-1.18928011532681
-3.25847983242583,0.191350332954837
-0.164677642175428,-1.03865606404678
1.21419288352429,-1.66164013516859
-1.58431576691768,0.757864307206568
-0.711564536683049,-0.549749843259269
-2.13512819743394,0.667639286711899
3.67081096535521,0.536931426672475
0.67662467141127,0.674901697812034
2.86676683520166,-1.10284816383497
3.97448423755225,0.366386602999721
-1.79283270669471,0.880113945342826
3.73913522269449,0.418839841279659
-3.16297060274802,-0.193365186357095
3.77815027032088,0.804607080109321
-2.4896690217832,0.174417842916303
-0.634539853876686,0.937825817031473
-0.795459836739832,1.06900807028822
0.0694742804298129,-1.71988236616929
-1.02639113519018,0.79762108074206
-3.80909316557556,-0.5712283291626
0.493269977180262,0.798873868252744
-3.69748307297715,-0.881728934128317
-0.672681774189659,-1.05788470545061
2.21458716693052,-1.82872453946854
-2.86051764327282,0.241447756973432
-2.35439064331745,0.54383733594494
1.23795866013901,-1.7512250282176
-2.51401262865154,0.330258735413762
0.210114436058477,0.343089302864022
-3.13460186205113,-0.459020198974906
3.17371758248458,-0.966795776341996
-1.78602604405842,0.796132773613373
1.05316102719756,-2.14639670485528
3.73052531584305,0.548136655052589
0.210067801655398,-1.89211302518988
-3.71693247392807,-0.606627083181969
3.70756455760776,0.240632968425499
1.44020533585912,-1.8207594066309
-0.920042893584854,1.05240027746385
-3.53797992365993,-0.699529549242474
-1.82806883848813,0.625565760507367
3.96772653318058,0.199752252294917
-2.13539425466828,0.530022660593615
0.257338100954256,0.328078925719717
1.12713628439618,-1.71598207925997
0.563064281870911,0.626128185690112
2.78149504977486,-1.41061428089769
-2.98693615206163,-0.181273954198297
-3.46418087647508,-0.301937629524109
-0.71263928691201,0.867891203834986
-1.55239587883341,0.457613695850587
-3.41956361705905,-0.0685293517057419
1.01189267133981,0.17346150671997
-0.173357563648635,1.01427914128356
0.51380507637554,-1.8031850217902
3.44204235624471,-1.14740543539707
-0.372630405065336,-0.92166486088238
0.202102767347922,0.414367506033007
-3.66714928332594,-0.805898343209124
-0.890153137477298,-0.549540589762197
-0.575181985251162,-0.778248448656465
2.3587669008125,-1.79142833505531
-3.22285711798299,-0.508803756498691
0.0143732060687143,-1.32957228787109
0.896071466718325,-2.14779512067327
-0.567322405090135,-0.290442622106998
0.104825174441096,0.970828739407397
-3.88517048369508,-1.20223425119829
-3.52546713045825,-0.730488578206749
-0.104024566486831,1.01845245591686
-0.180188646104266,0.870647869617895
-1.49387716843729,0.458125308777463
